{"RuleTriggered": 0, "Violations": 0, "Details": {"pin_memory": false, "num_workers": 0, "cores": 4, "dataloaders": 1, "dataloading_time": {"p25": 0.453806, "p50": 0.453806, "p95": 0.453806, "probs": [0, 0, 0, 0, 0, 0, 0, 0, 0, 0, 0, 0, 0, 0, 0, 0, 0, 0, 0, 0, 0, 0, 0, 0, 0, 0, 0, 0, 0, 0, 0, 0, 0, 0, 0, 0, 0, 0, 0, 0, 0, 0, 0, 0, 0, 0, 0, 0, 0, 0, 1, 0, 0, 0, 0, 0, 0, 0, 0, 0, 0, 0, 0, 0, 0, 0, 0, 0, 0, 0, 0, 0, 0, 0, 0, 0, 0, 0, 0, 0, 0, 0, 0, 0, 0, 0, 0, 0, 0, 0, 0, 0, 0, 0, 0, 0, 0, 0, 0, 0], "binedges": [-0.04619400000000001, -0.03619400000000001, -0.026194000000000012, -0.016194000000000014, -0.006194000000000012, 0.00380599999999999, 0.013805999999999985, 0.023805999999999994, 0.03380599999999999, 0.043805999999999984, 0.05380599999999999, 0.06380599999999999, 0.07380599999999998, 0.08380599999999999, 0.093806, 0.10380599999999998, 0.11380599999999999, 0.123806, 0.13380599999999998, 0.143806, 0.153806, 0.16380599999999998, 0.173806, 0.183806, 0.19380599999999998, 0.203806, 0.213806, 0.223806, 0.233806, 0.24380599999999997, 0.253806, 0.263806, 0.273806, 0.283806, 0.293806, 0.303806, 0.313806, 0.323806, 0.333806, 0.343806, 0.353806, 0.363806, 0.37380599999999997, 0.383806, 0.393806, 0.403806, 0.413806, 0.423806, 0.43380599999999997, 0.443806, 0.453806, 0.463806, 0.473806, 0.483806, 0.493806, 0.503806, 0.513806, 0.523806, 0.533806, 0.543806, 0.553806, 0.563806, 0.573806, 0.583806, 0.5938060000000001, 0.6038060000000001, 0.6138060000000001, 0.6238060000000001, 0.6338060000000001, 0.6438060000000001, 0.6538060000000001, 0.6638059999999999, 0.6738059999999999, 0.6838059999999999, 0.6938059999999999, 0.7038059999999999, 0.7138059999999999, 0.723806, 0.733806, 0.743806, 0.753806, 0.763806, 0.773806, 0.783806, 0.793806, 0.803806, 0.813806, 0.823806, 0.833806, 0.8438060000000001, 0.8538060000000001, 0.8638060000000001, 0.8738060000000001, 0.8838060000000001, 0.8938060000000001, 0.9038060000000001, 0.9138059999999999, 0.9238059999999999, 0.9338059999999999, 0.9438059999999999, 0.9538059999999999]}}, "Datapoints": 1, "RuleParameters": "min_threshold:70\nmax_threshold:200"}