{"RuleTriggered": 0, "Violations": 0, "Details": {"step_num": {"first": 1702220199814990, "last": 1702221419081238}, "job_start": 1702220116.000711, "job_end": 1702221419.501383}, "Datapoints": 182, "RuleParameters": "threshold:20"}