{"RuleTriggered": 0, "Violations": 0, "Details": {"ratio": {"cpu_functions": 100.0}, "phase": {"Step:ModeKeys.TRAIN": 62.822426717220715, "others": -0.2571007466166711, "Step:ModeKeys.EVAL": 37.43467402939595}, "phase_time": {}, "CPU": {"aten::conv2d": 19.698879416568772, "aten::convolution": 19.697559580568637, "aten::_convolution": 19.696629437525434, "aten::mkldnn_convolution": 19.69453874903384, "aten::batch_norm": 7.072284317250686, "aten::_batch_norm_impl_index": 7.07089905834537, "aten::native_batch_norm": 7.069209440707265}, "CPU_total": {"aten::conv2d": 6925315, "aten::convolution": 6924851, "aten::_convolution": 6924524, "aten::mkldnn_convolution": 6923789, "aten::batch_norm": 2486324, "aten::_batch_norm_impl_index": 2485837, "aten::native_batch_norm": 2485243}, "general": {"DataLoaderIterInitialize": 5.2753448492735444e-05, "DataLoaderIter": 0.03494865904626905, "Forward": 99.96499858750524}}, "Datapoints": 0, "RuleParameters": ""}