{"RuleTriggered": 0, "Violations": 0, "Details": {"step_details": {"algo-1-27": {"step_stats": {"mean": 7.462104990825688, "max": 19.696621, "p99": 19.320155480000007, "p95": 7.6541998, "p50": 7.095328, "min": 5.809396}, "number_of_outliers": 3, "phase": "Step:ModeKeys.TRAIN", "stddev": 1.84, "probs": [1, 0, 0, 0, 0, 0, 0, 0, 0, 0, 0, 0, 0, 0, 0, 0, 0, 0, 0, 0, 0, 0, 0, 0, 0, 0, 0, 0, 0, 0, 0, 0, 0, 0, 0, 0, 0, 0, 0, 0, 0, 0, 0, 0, 0, 0, 0, 0, 0, 0, 0, 0, 0, 0, 0, 0, 0, 0, 0, 0, 0, 0, 0, 0, 0, 1, 15, 28, 16, 7, 6, 1, 6, 3, 0, 1, 0, 2, 0, 2, 2, 0, 0, 1, 1, 2, 0, 0, 0, 0, 0, 0, 0, 0, 3, 1, 2, 2, 1, 2], "binedges": [5.809396, 5.82813555, 5.846875099999999, 5.8656146499999995, 5.8843542, 5.90309375, 5.921833299999999, 5.94057285, 5.9593124, 5.978051949999999, 5.9967915, 6.01553105, 6.034270599999999, 6.0530101499999995, 6.0717497, 6.090489249999999, 6.1092287999999995, 6.12796835, 6.1467079, 6.165447449999999, 6.184187, 6.20292655, 6.221666099999999, 6.24040565, 6.2591452, 6.27788475, 6.2966242999999995, 6.31536385, 6.3341034, 6.352842949999999, 6.3715825, 6.39032205, 6.409061599999999, 6.42780115, 6.4465407, 6.465280249999999, 6.4840198, 6.50275935, 6.5214989, 6.5402384499999995, 6.558978, 6.57771755, 6.596457099999999, 6.61519665, 6.6339362, 6.65267575, 6.6714153, 6.69015485, 6.7088944, 6.7276339499999995, 6.7463735, 6.76511305, 6.7838525999999995, 6.80259215, 6.8213317, 6.840071249999999, 6.8588108, 6.87755035, 6.896289899999999, 6.91502945, 6.933769, 6.95250855, 6.9712480999999995, 6.98998765, 7.0087272, 7.02746675, 7.0462063, 7.06494585, 7.0836854, 7.10242495, 7.1211645, 7.13990405, 7.1586435999999996, 7.17738315, 7.1961227, 7.2148622499999995, 7.2336018, 7.25234135, 7.271080899999999, 7.28982045, 7.30856, 7.32729955, 7.3460391, 7.36477865, 7.3835182, 7.40225775, 7.4209973, 7.43973685, 7.4584764, 7.47721595, 7.4959555, 7.51469505, 7.5334346, 7.55217415, 7.5709137, 7.58965325, 7.6083928, 7.62713235, 7.6458718999999995, 7.66461145, 7.683351], "step_numbers": ["0", "1", "1"]}}}, "Datapoints": 182, "RuleParameters": "threshold:3\nmode:None\nn_outliers:10\nstddev:3"}